{"AKT1":{"x":957.5302128617135,"y":1064.6095385171398},"PAK":{"x":1153.7819842128308,"y":1351.6095395171399},"ALK":{"x":582.6865747528644,"y":-1444.3904754828588},"GRB2":{"x":1156.52405983959,"y":-1107.390473482859},"SHC1":{"x":1443.52406083959,"y":-1057.390473482859},"ARAF":{"x":-649.3068081227019,"y":103.60953451714006},"MAP2K1":{"x":-674.7484485388435,"y":490.6095375171398},"MAP2K2":{"x":-387.74844753884355,"y":490.6095375171398},"BRAF":{"x":-362.30680712270185,"y":103.60953451714006},"CCND1":{"x":-1248.93008303462,"y":1501.6095435171399},"CDK4":{"x":-1457.2081759833707,"y":1838.6095455171398},"CDK6":{"x":-1170.2081749833708,"y":1838.6095455171398},"EGFR":{"x":869.6865757528644,"y":-1444.3904754828588},"ERBB2":{"x":1156.6865767528643,"y":-1444.3904754828588},"ETS":{"x":-1392.2180287871688,"y":1164.6095415171396},"DUSP":{"x":-724.7484495388436,"y":827.6095395171396},"MDM2":{"x":-961.9300820346199,"y":1501.6095435171399},"FGFR":{"x":1443.6865777528647,"y":-1444.3904754828588},"FOS":{"x":-1105.2180277871691,"y":1164.6095415171396},"RASGRF":{"x":1155.908236162792,"y":-720.3904714828592},"SOS":{"x":1442.908237162792,"y":-720.3904714828592},"Growth factor proteins":{"x":1300.2340663831176,"y":-1781.3904774828586},"PDGFR":{"x":1730.6865787528648,"y":-1444.3904754828588},"ROS1":{"x":2017.6865797528644,"y":-1444.3904754828588},"HRAS":{"x":-235.8096356023251,"y":-283.3904684828596},"PIK3C":{"x":311.69319687729825,"y":390.60953551713993},"PIK3R":{"x":598.6931978772982,"y":390.60953551713993},"RAF1":{"x":-75.30680612270186,"y":103.60953451714006},"RALGDS":{"x":482.41790926275354,"y":53.609533517140186},"JUN":{"x":-818.218026787169,"y":1164.6095415171396},"KRAS":{"x":51.190365397674874,"y":-283.3904684828596},"MAPK1":{"x":-1348.7484525388436,"y":765.0369960372403},"MAPK3":{"x":-1061.7484515388435,"y":765.0591293450913},"NRAS":{"x":338.1903663976749,"y":-283.3904684828596},"PIP3":{"x":474.37025069745886,"y":727.6095375171399},"AKT":{"x":502.09127634695193,"y":1064.6095385171398},"Pdpk1":{"x":187.3702496974588,"y":852.4357400283669},"TIAM":{"x":761.3702516974587,"y":777.6095375171399},"RALA":{"x":985.6932008772983,"y":103.60953351714018},"RALB":{"x":1272.693201877298,"y":103.60953351714018},"RHOA":{"x":2260.1903763976748,"y":-283.3904684828596},"RHOB":{"x":2547.190377397675,"y":-283.3904684828596},"RHOC":{"x":2834.1903783976745,"y":-283.3904684828596},"RASGRP1":{"x":194.71047685150563,"y":-620.3904704828593},"RHEB":{"x":192.78197921283098,"y":1526.4357440283668},"mTORC2":{"x":-94.2180217871689,"y":1576.4357440283668},"ROCK1":{"x":2403.710485787315,"y":103.60953451714006},"ROCK2":{"x":2690.7104867873145,"y":103.60953451714006},"STK11":{"x":-144.2603979267989,"y":852.4357400283669},"PRKAA":{"x":-431.218023787169,"y":1189.4357420283668},"PRKAB":{"x":-144.21802278716896,"y":1189.4357420283668},"PRKAG":{"x":142.7819782128311,"y":1189.4357420283668},"RPS6KA":{"x":-237.8701078968279,"y":1863.435745028367},"KSR1":{"x":-986.3068101227018,"y":53.60953451714007},"TSC1":{"x":529.7819812128309,"y":1401.60954051714},"TSC2":{"x":816.7819822128309,"y":1401.60954051714},"ARHGAP35":{"x":725.190369397675,"y":-333.3904684828596},"RB1":{"x":-1313.8363214463734,"y":2175.6095475171396},"TP53":{"x":-833.2081729833707,"y":1788.6095445171397},"NF1":{"x":1012.190370397675,"y":-333.3904684828596},"PTEN":{"x":-25.306805122701803,"y":565.4357390283668},"RASA1":{"x":1299.1903713976747,"y":-333.3904684828596},"RASAL1":{"x":1586.1903723976748,"y":-333.3904684828596},"SPRED":{"x":1873.1903733976749,"y":-333.3904684828596},"SPRY":{"x":-92.28952414849437,"y":-620.3904704828593},"EIF4EBP1":{"x":49.129893103172094,"y":1863.435745028367},"Group[9, 14, 61]":{"x":-362.3068071227019,"y":103.60953451714005},"Group[166, 168]":{"x":673.2819817128309,"y":1401.60954051714},"Group[150, 152, 148]":{"x":-144.21802278716893,"y":1189.4357420283668},"Group[41, 43]":{"x":1299.408236662792,"y":-720.3904714828592},"Group[109, 111]":{"x":1129.193201377298,"y":103.60953351714016},"Group[18, 20]":{"x":-1313.7081754833707,"y":1838.6095455171398},"Group[10, 12]":{"x":-531.2484480388435,"y":490.60953751713987},"Group[57, 59]":{"x":455.19319737729825,"y":390.60953551713993},"Group[28, 37, 65]":{"x":-1105.218027787169,"y":1164.6095415171396},"Group[131, 129]":{"x":2547.210486287315,"y":103.60953451714005},"Group[54, 69, 88]":{"x":51.190365397674896,"y":-283.3904684828596},"Group[76, 78]":{"x":-1205.2484520388434,"y":765.0480626911658},"Group[116, 118, 120]":{"x":2547.1903773976746,"y":-283.3904684828596},"Group[170, 184, 196, 210, 203]":{"x":1291.9403713976749,"y":-333.3904684828596},"Group[4, 22, 25, 34, 50, 52]":{"x":1300.1865772528645,"y":-1444.3904754828588},"Group[149, 151, 153]":{"x":-534.3814414706242,"y":1460.1020208900352},"Group[168, 170]":{"x":570.1185640293759,"y":1482.6515737945056},"Group[110, 112]":{"x":1771.4902794200098,"y":234.6515677945057},"Group[117, 119, 121]":{"x":2055.858791757252,"y":-152.3484352054943},"Group[172, 186, 198, 205, 212]":{"x":1740.1265616766245,"y":-539.3484382054944},"Group[132, 130]":{"x":2445.49028342001,"y":234.6515677945057},"Group[173, 206, 213, 199, 187]":{"x":1754.3859361001032,"y":-542.1343015024308},"Group[58, 60]":{"x":1090.4518012491972,"y":231.86570449756914},"Group[9, 14, 62]":{"x":272.95179674919706,"y":231.86570449756914},"Group[150, 152, 154]":{"x":-569.1869753693304,"y":1457.1474696004643},"Group[77, 79]":{"x":-452.11000561910714,"y":812.365707997569},"Group[171, 169]":{"x":535.3130301306693,"y":1479.8657104975691},"Group[118, 120, 122]":{"x":2062.5759351538313,"y":-155.13429850243085},"Group[4, 22, 25, 34, 51, 53]":{"x":762.4357214630135,"y":-1266.134305502431},"Group[131, 133]":{"x":2438.451809249197,"y":231.86570449756914},"Group[111, 113]":{"x":1764.4518052491967,"y":231.86570449756914},"Group[28, 37, 66]":{"x":-1126.110009619107,"y":783.1474656004642},"Group[55, 70, 89]":{"x":814.5759291538317,"y":-155.13429850243085},"Group[106, 108]":{"x":1793.586587433978,"y":249.58709427772885},"Group[128, 126]":{"x":2467.5865914339784,"y":249.58709427772885},"Group[25, 34, 62]":{"x":-1068.2684774788383,"y":800.9942598637897},"Group[51, 66, 85]":{"x":830.1768382964402,"y":-137.4129087222711},"Group[1, 19, 22, 31, 47, 49]":{"x":665.9277777991127,"y":-1248.4129157222712},"Group[6, 11, 58]":{"x":302.0865789339779,"y":249.58709427772885},"Group[54, 56]":{"x":1119.586583433978,"y":249.58709427772885},"Group[180, 192, 199, 206, 166]":{"x":1762.5500473826853,"y":-524.4129117222711},"Group[7, 9]":{"x":136.2315300211618,"y":636.5870972777288},"Group[149, 147, 145]":{"x":-513.0919969729465,"y":1474.9942638637897},"Group[73, 75]":{"x":-394.26847347883813,"y":830.087097777729},"Group[38, 40]":{"x":665.3000418826853,"y":-524.4129117222711},"Group[164, 162]":{"x":591.4080085270534,"y":1497.5871002777287},"Group[113, 115, 117]":{"x":2078.1768442964403,"y":-137.4129087222711},"Group[15, 17]":{"x":-1617.5920024729467,"y":1474.9942628637898}}
