{"ALK":{"x":556.1094862615964,"y":-1385.4842369141427},"GRB2":{"x":1130.1984590763243,"y":-1048.484234914143},"SHC":{"x":1417.1984600763244,"y":-998.484234914143},"ARAF":{"x":-1221.8475720479003,"y":-89.70362826002253},"MAP2K1":{"x":-1371.4838768213501,"y":297.29637473997747},"MAP2K2":{"x":-1084.48387582135,"y":297.29637473997747},"BRAF":{"x":-934.8475710479003,"y":-89.70362826002253},"CCND1":{"x":-809.1039723375343,"y":1021.2963797399775},"CDK4":{"x":-1119.290329002993,"y":1358.2963817399775},"CDK6":{"x":-832.2903280029931,"y":1358.2963817399775},"EGFR":{"x":843.1094872615964,"y":-1385.4842369141427},"ERBB2":{"x":1130.1094882615964,"y":-1385.4842369141427},"ETS":{"x":-971.8170596447239,"y":684.2963777399774},"DUSP":{"x":-1096.1039733375344,"y":1021.2963797399775},"MDM2":{"x":-522.1039713375343,"y":1021.2963797399775},"FGFR":{"x":1417.1094892615965,"y":-1385.4842369141427},"FOS family":{"x":-684.817058644724,"y":684.2963777399774},"RASGRF":{"x":1130.526144544375,"y":-661.4842329141433},"SOS":{"x":1417.5261455443751,"y":-661.4842329141433},"Growth factor proteins":{"x":1273.5830176098302,"y":-1722.4842389141425},"PDGFR":{"x":1704.1094902615962,"y":-1385.4842369141427},"ROS1":{"x":1991.1094912615965,"y":-1385.4842369141427},"HRAS":{"x":-260.84756704790055,"y":-224.4842299141435},"PI3K p110":{"x":-67.36502244042721,"y":162.51577308585615},"PIK3R I":{"x":219.63497855957277,"y":162.51577308585615},"RAF1":{"x":-647.8475700479004,"y":-89.70362826002253},"RALGDS":{"x":650.1524369520995,"y":62.51577208585627},"JUN family":{"x":-397.817057644724,"y":684.2963777399774},"KRAS":{"x":26.152433952099347,"y":-224.4842299141435},"MAPK1":{"x":-1645.8170636447242,"y":684.2963777399774},"MAPK3":{"x":-1358.8170626447238,"y":684.2963777399774},"NRAS":{"x":313.15243495209944,"y":-224.4842299141435},"PDPK1":{"x":-60.817055644723915,"y":786.5157760858559},"AKT":{"x":177.49152544721036,"y":1073.5157770858557},"PIP3":{"x":226.18294535527602,"y":549.5157750858558},"TIAM":{"x":513.182946355276,"y":599.5157750858558},"RAC":{"x":632.9823823810626,"y":886.5157760858559},"PAK":{"x":752.7096799970068,"y":1173.515777085856},"RALA":{"x":850.1829483552762,"y":399.5157740858561},"RALB":{"x":1137.182949355276,"y":399.5157740858561},"RHOA":{"x":2235.1524449521,"y":-224.4842299141435},"RHOB":{"x":2522.1524459521,"y":-224.4842299141435},"RHOC":{"x":2809.1524469520996,"y":-224.4842299141435},"RASGRP":{"x":-884.8475700479003,"y":-426.7036302600225},"RHEB":{"x":358.6102091763828,"y":1747.5157810858557},"mTORC2":{"x":-109.18959383369697,"y":2134.515784085856},"ROCK1":{"x":2378.6331332512823,"y":162.51577308585615},"ROCK2":{"x":2665.633134251282,"y":162.51577308585615},"STK11":{"x":-208.29032500299317,"y":1460.5157800858558},"AMPK alpha":{"x":-552.3897948236172,"y":1797.5157820858558},"AMPK beta":{"x":-265.38979382361725,"y":1797.5157820858558},"AMPK gamma":{"x":21.61020717638276,"y":1797.5157820858558},"P90RSK":{"x":-252.4348065691548,"y":2421.515785085856},"KSR":{"x":-1558.8475740479,"y":-139.70362826002253},"TSC1":{"x":128.70967699700677,"y":1410.5157790858557},"TSC2":{"x":415.7096779970066,"y":1410.5157790858557},"ARHGAP35":{"x":700.1524379520996,"y":-274.4842299141435},"RB1":{"x":-975.72167916938,"y":1695.2963837399775},"TP53":{"x":-495.29032600299314,"y":1308.2963807399774},"NF1":{"x":987.1524389520996,"y":-274.4842299141435},"PTEN":{"x":-60.817055644723915,"y":499.51577508585586},"RASAL":{"x":1274.1524399520997,"y":-274.4842299141435},"RASA":{"x":1561.1524409520996,"y":-274.4842299141435},"SPRED":{"x":1848.1524419520995,"y":-274.4842299141435},"SPRY":{"x":-597.8475690479003,"y":-426.7036302600225},"EIF4EBP1":{"x":34.565194430845196,"y":2421.515785085856},"Group[166, 168]":{"x":272.2096774970067,"y":1410.5157790858557},"Group[150, 148, 152]":{"x":-265.3897938236172,"y":1797.5157820858558},"Group[54, 56]":{"x":76.1349780595728,"y":162.51577308585615},"Group[38, 40]":{"x":1274.026145044375,"y":-661.4842329141433},"Group[7, 9]":{"x":-1227.9838763213502,"y":297.29637473997747},"Group[51, 66, 85]":{"x":26.152433952099443,"y":-224.4842299141435},"Group[131, 129]":{"x":2522.133133751282,"y":162.51577308585615},"Group[1, 19, 22, 31, 47, 49]":{"x":1273.6094887615964,"y":-1385.4842369141427},"Group[116, 118, 120]":{"x":2522.1524459520997,"y":-224.4842299141435},"Group[73, 75]":{"x":-1502.317063144724,"y":684.2963777399774},"Group[15, 17]":{"x":-975.7903285029931,"y":1358.2963817399775},"Group[173, 187, 203, 196, 210]":{"x":1266.9024399520995,"y":-274.4842299141435},"Group[25, 34, 62]":{"x":-684.8170586447239,"y":684.2963777399774},"Group[109, 111]":{"x":993.682948855276,"y":399.5157740858561},"Group[6, 11, 58]":{"x":-934.8475710479004,"y":-89.70362826002253}}
